No.;Time;;Source;Destination;;;Time 1;Time 2;Delay;;Delay 1;Delay 2;Jitter
23;0,156683;;144,195,42,75;192,168,1,3;;;0,156683;0,162732;0,006049;;-0,223071;0,22912;0,452191
27;0,162732;;192,168,1,3;144,195,42,75;;;0,162732;0,391852;0,22912;;0,2288;0,00032;-0,22848
82;0,391852;;144,195,42,75;192,168,1,3;;;0,391852;0,392172;0,00032;;-0,038427;0,038747;0,077174
83;0,392172;;192,168,1,3;144,195,42,75;;;0,392172;0,430919;0,038747;;-0,155913;0,19466;0,350573
94;0,430919;;144,195,42,75;192,168,1,3;;;0,430919;0,625579;0,19466;;0,17038;0,02428;-0,1461
130;0,625579;;192,168,1,3;20,197,71,89;;;0,625579;0,649859;0,02428;;0,014298;0,009982;-0,004316
134;0,649859;;20,197,71,89;192,168,1,3;;;0,649859;0,659841;0,009982;;-0,020002;0,029984;0,049986
135;0,659841;;144,195,42,75;192,168,1,3;;;0,659841;0,689825;0,029984;;-0,390853;0,420837;0,81169
139;0,689825;;192,168,1,3;20,197,71,89;;;0,689825;1,110662;0,420837;;0,415703;0,005134;-0,410569
176;1,110662;;192,168,1,3;23,44,53,144;;;1,110662;1,115796;0,005134;;-0,040889;0,046023;0,086912
178;1,115796;;192,168,1,3;23,44,53,144;;;1,115796;1,161819;0,046023;;0,04114;0,004883;-0,036257
183;1,161819;;192,168,1,3;23,44,53,144;;;1,161819;1,166702;0,004883;;-0,044892;0,049775;0,094667
187;1,166702;;192,168,1,3;23,44,53,144;;;1,166702;1,216477;0,049775;;0,049604;0,000171;-0,049433
199;1,216477;;23,44,53,144;192,168,1,3;;;1,216477;1,216648;0,000171;;-0,004622;0,004793;0,009415
200;1,216648;;192,168,1,3;23,44,53,144;;;1,216648;1,221441;0,004793;;0,004655;0,000138;-0,004517
201;1,221441;;23,44,53,144;192,168,1,3;;;1,221441;1,221579;0,000138;;-0,038709;0,038847;0,077556
202;1,221579;;192,168,1,3;23,44,53,144;;;1,221579;1,260426;0,038847;;0,03871;0,000137;-0,038573
205;1,260426;;23,44,53,144;192,168,1,3;;;1,260426;1,260563;0,000137;;-0,004842;0,004979;0,009821
206;1,260563;;192,168,1,3;23,44,53,144;;;1,260563;1,265542;0,004979;;0,004834;0,000145;-0,004689
207;1,265542;;23,44,53,144;192,168,1,3;;;1,265542;1,265687;0,000145;;-0,029408;0,029553;0,058961
208;1,265687;;192,168,1,3;23,44,53,144;;;1,265687;1,29524;0,029553;;0,026717;0,002836;-0,023881
217;1,29524;;192,168,1,3;142,251,12,119;;;1,29524;1,298076;0,002836;;-0,013997;0,016833;0,03083
220;1,298076;;192,168,1,3;23,44,53,144;;;1,298076;1,314909;0,016833;;0,016618;0,000215;-0,016403
224;1,314909;;142,251,12,119;192,168,1,3;;;1,314909;1,315124;0,000215;;-0,010507;0,010722;0,021229
227;1,315124;;192,168,1,3;142,251,12,119;;;1,315124;1,325846;0,010722;;-0,011395;0,022117;0,033512
237;1,325846;;192,168,1,3;142,251,12,119;;;1,325846;1,347963;0,022117;;0,020017;0,0021;-0,017917
252;1,347963;;142,251,12,119;192,168,1,3;;;1,347963;1,350063;0,0021;;0,002098;2,00E-06;-0,002096
256;1,350063;;142,251,12,119;192,168,1,3;;;1,350063;1,350065;2,00E-06;;1,00E-06;1,00E-06;-2,22E-16
257;1,350065;;142,251,12,119;192,168,1,3;;;1,350065;1,350066;1,00E-06;;1,00E-06;0;-1,00E-06
258;1,350066;;142,251,12,119;192,168,1,3;;;1,350066;1,350066;0;;-0,000141;0,000141;0,000282
259;1,350066;;142,251,12,119;192,168,1,3;;;1,350066;1,350207;0,000141;;-0,006283;0,006424;0,012707
260;1,350207;;192,168,1,3;142,251,12,119;;;1,350207;1,356631;0,006424;;0,001415;0,005009;0,003594
264;1,356631;;192,168,1,3;142,251,12,119;;;1,356631;1,36164;0,005009;;-0,00354;0,008549;0,012089
269;1,36164;;192,168,1,3;23,44,53,144;;;1,36164;1,370189;0,008549;;0,007555;0,000994;-0,006561
280;1,370189;;192,168,1,3;23,44,53,144;;;1,370189;1,371183;0,000994;;-0,004291;0,005285;0,009576
281;1,371183;;192,168,1,3;23,44,53,144;;;1,371183;1,376468;0,005285;;-0,010313;0,015598;0,025911
290;1,376468;;142,251,12,119;192,168,1,3;;;1,376468;1,392066;0,015598;;0,011089;0,004509;-0,00658
328;1,392066;;192,168,1,3;23,44,53,144;;;1,392066;1,396575;0,004509;;0,003456;0,001053;-0,002403
335;1,396575;;23,44,53,144;192,168,1,3;;;1,396575;1,397628;0,001053;;0,001051;2,00E-06;-0,001049
336;1,397628;;23,44,53,144;192,168,1,3;;;1,397628;1,39763;2,00E-06;;1,00E-06;1,00E-06;4,44E-16
337;1,39763;;23,44,53,144;192,168,1,3;;;1,39763;1,397631;1,00E-06;;-0,00016;0,000161;0,000321
338;1,397631;;23,44,53,144;192,168,1,3;;;1,397631;1,397792;0,000161;;-0,000569;0,00073;0,001299
339;1,397792;;192,168,1,3;23,44,53,144;;;1,397792;1,398522;0,00073;;0,000574;0,000156;-0,000418
344;1,398522;;23,44,53,144;192,168,1,3;;;1,398522;1,398678;0,000156;;-0,018266;0,018422;0,036688
345;1,398678;;192,168,1,3;23,44,53,144;;;1,398678;1,4171;0,018422;;0,006924;0,011498;0,004574
383;1,4171;;192,168,1,3;142,251,12,119;;;1,4171;1,428598;0,011498;;-0,020059;0,031557;0,051616
391;1,428598;;192,168,1,3;144,195,42,75;;;1,428598;1,460155;0,031557;;0,030488;0,001069;-0,029419
413;1,460155;;23,44,53,144;192,168,1,3;;;1,460155;1,461224;0,001069;;0,001066;3,00E-06;-0,001063
414;1,461224;;23,44,53,144;192,168,1,3;;;1,461224;1,461227;3,00E-06;;3,00E-06;0;-3,00E-06
415;1,461227;;23,44,53,144;192,168,1,3;;;1,461227;1,461227;0;;-1,00E-06;1,00E-06;2,00E-06
416;1,461227;;23,44,53,144;192,168,1,3;;;1,461227;1,461228;1,00E-06;;-0,000186;0,000187;0,000373
417;1,461228;;23,44,53,144;192,168,1,3;;;1,461228;1,461415;0,000187;;-0,01459;0,014777;0,029367
418;1,461415;;192,168,1,3;23,44,53,144;;;1,461415;1,476192;0,014777;;0,014775;2,00E-06;-0,014773
423;1,476192;;23,44,53,144;192,168,1,3;;;1,476192;1,476194;2,00E-06;;1,00E-06;1,00E-06;-2,22E-16
424;1,476194;;23,44,53,144;192,168,1,3;;;1,476194;1,476195;1,00E-06;;1,00E-06;0;-1,00E-06
425;1,476195;;23,44,53,144;192,168,1,3;;;1,476195;1,476195;0;;-0,000166;0,000166;0,000332
426;1,476195;;23,44,53,144;192,168,1,3;;;1,476195;1,476361;0,000166;;-0,000721;0,000887;0,001608
427;1,476361;;192,168,1,3;23,44,53,144;;;1,476361;1,477248;0,000887;;-0,000107;0,000994;0,001101
428;1,477248;;23,44,53,144;192,168,1,3;;;1,477248;1,478242;0,000994;;0,000993;1,00E-06;-0,000992
429;1,478242;;23,44,53,144;192,168,1,3;;;1,478242;1,478243;1,00E-06;;0;1,00E-06;1,00E-06
430;1,478243;;23,44,53,144;192,168,1,3;;;1,478243;1,478244;1,00E-06;;-2,22E-16;1,00E-06;1,00E-06
431;1,478244;;23,44,53,144;192,168,1,3;;;1,478244;1,478245;1,00E-06;;-0,000157;0,000158;0,000315
432;1,478245;;23,44,53,144;192,168,1,3;;;1,478245;1,478403;0,000158;;6,00E-05;9,80E-05;3,80E-05
433;1,478403;;192,168,1,3;23,44,53,144;;;1,478403;1,478501;9,80E-05;;-0,000588;0,000686;0,001274
434;1,478501;;192,168,1,3;23,44,53,144;;;1,478501;1,479187;0,000686;;0,000604;8,20E-05;-0,000522
435;1,479187;;23,44,53,144;192,168,1,3;;;1,479187;1,479269;8,20E-05;;-0,016042;0,016124;0,032166
436;1,479269;;192,168,1,3;23,44,53,144;;;1,479269;1,495393;0,016124;;0,015943;0,000181;-0,015762
440;1,495393;;23,44,53,144;192,168,1,3;;;1,495393;1,495574;0,000181;;-0,000477;0,000658;0,001135
441;1,495574;;192,168,1,3;23,44,53,144;;;1,495574;1,496232;0,000658;;-0,008776;0,009434;0,01821
442;1,496232;;23,44,53,144;192,168,1,3;;;1,496232;1,505666;0,009434;;0,005325;0,004109;-0,001216
445;1,505666;;192,168,1,3;23,44,53,144;;;1,505666;1,509775;0,004109;;0,003912;0,000197;-0,003715
449;1,509775;;23,44,53,144;192,168,1,3;;;1,509775;1,509972;0,000197;;-0,000875;0,001072;0,001947
450;1,509972;;192,168,1,3;23,44,53,144;;;1,509972;1,511044;0,001072;;2,70E-05;0,001045;0,001018
451;1,511044;;192,168,1,3;23,44,53,144;;;1,511044;1,512089;0,001045;;-0,001917;0,002962;0,004879
452;1,512089;;192,168,1,3;23,44,53,144;;;1,512089;1,515051;0,002962;;0,002828;0,000134;-0,002694
454;1,515051;;23,44,53,144;192,168,1,3;;;1,515051;1,515185;0,000134;;-0,01499;0,015124;0,030114
455;1,515185;;192,168,1,3;23,44,53,144;;;1,515185;1,530309;0,015124;;0,006742;0,008382;0,00164
459;1,530309;;192,168,1,3;23,44,53,144;;;1,530309;1,538691;0,008382;;0,007535;0,000847;-0,006688
460;1,538691;;192,168,1,3;23,44,53,144;;;1,538691;1,539538;0,000847;;0,000159;0,000688;0,000529
461;1,539538;;192,168,1,3;23,44,53,144;;;1,539538;1,540226;0,000688;;0,000558;0,00013;-0,000428
462;1,540226;;192,168,1,3;72.246.222.152;;;1,540226;1,540356;0,00013;;-0,018271;0,018401;0,036672
463;1,540356;;192,168,1,3;23,44,53,144;;;1,540356;1,558757;0,018401;;-0,005651;0,024052;0,029703
466;1,558757;;23,44,53,144;192,168,1,3;;;1,558757;1,582809;0,024052;;0,024051;1,00E-06;-0,02405
472;1,582809;;23,44,53,144;192,168,1,3;;;1,582809;1,58281;1,00E-06;;-0,017893;0,017894;0,035787
473;1,58281;;23,44,53,144;192,168,1,3;;;1,58281;1,600704;0,017894;;0,008849;0,009045;0,000196
474;1,600704;;192,168,1,3;23,44,53,144;;;1,600704;1,609749;0,009045;;0,003057;0,005988;0,002931
475;1,609749;;23,44,53,144;192,168,1,3;;;1,609749;1,615737;0,005988;;-0,002974;0,008962;0,011936
476;1,615737;;23,44,53,144;192,168,1,3;;;1,615737;1,624699;0,008962;;0,007592;0,00137;-0,006222
477;1,624699;;192,168,1,3;23,44,53,144;;;1,624699;1,626069;0,00137;;-0,012308;0,013678;0,025986
478;1,626069;;192,168,1,3;23,44,53,144;;;1,626069;1,639747;0,013678;;0,013677;1,00E-06;-0,013676
480;1,639747;;23,44,53,144;192,168,1,3;;;1,639747;1,639748;1,00E-06;;-0,00404;0,004041;0,008081
481;1,639748;;23,44,53,144;192,168,1,3;;;1,639748;1,643789;0,004041;;0,004041;0;-0,004041
482;1,643789;;23,44,53,144;192,168,1,3;;;1,643789;1,643789;0;;-1,00E-06;1,00E-06;2,00E-06
483;1,643789;;23,44,53,144;192,168,1,3;;;1,643789;1,64379;1,00E-06;;2,22E-16;1,00E-06;1,00E-06
484;1,64379;;23,44,53,144;192,168,1,3;;;1,64379;1,643791;1,00E-06;;-2,00E-06;3,00E-06;5,00E-06
485;1,643791;;23,44,53,144;192,168,1,3;;;1,643791;1,643794;3,00E-06;;-0,000147;0,00015;0,000297
486;1,643794;;23,44,53,144;192,168,1,3;;;1,643794;1,643944;0,00015;;-0,035166;0,035316;0,070482
487;1,643944;;192,168,1,3;23,44,53,144;;;1,643944;1,67926;0,035316;;0,031917;0,003399;-0,028518
490;1,67926;;192,168,1,3;144,195,42,75;;;1,67926;1,682659;0,003399;;-0,010678;0,014077;0,024755
493;1,682659;;192,168,1,3;23,44,53,144;;;1,682659;1,696736;0,014077;;0,012067;0,00201;-0,010057
497;1,696736;;144,195,42,75;192,168,1,3;;;1,696736;1,698746;0,00201;;-0,003;0,00501;0,00801
498;1,698746;;144,195,42,75;192,168,1,3;;;1,698746;1,703756;0,00501;;0,004033;0,000977;-0,003056
502;1,703756;;23,44,53,144;192,168,1,3;;;1,703756;1,704733;0,000977;;-0,006103;0,00708;0,013183
503;1,704733;;23,44,53,144;192,168,1,3;;;1,704733;1,711813;0,00708;;0,006175;0,000905;-0,00527
506;1,711813;;23,44,53,144;192,168,1,3;;;1,711813;1,712718;0,000905;;-0,008601;0,009506;0,018107
507;1,712718;;23,44,53,144;192,168,1,3;;;1,712718;1,722224;0,009506;;0,00224;0,007266;0,005026
509;1,722224;;192,168,1,3;23,44,53,144;;;1,722224;1,72949;0,007266;;-0,004311;0,011577;0,015888
513;1,72949;;192,168,1,3;23,44,53,144;;;1,72949;1,741067;0,011577;;0,008375;0,003202;-0,005173
518;1,741067;;192,168,1,3;144,195,42,75;;;1,741067;1,744269;0,003202;;0,002257;0,000945;-0,001312
522;1,744269;;23,44,53,144;192,168,1,3;;;1,744269;1,745214;0,000945;;-0,006898;0,007843;0,014741
523;1,745214;;192,168,1,3;23,44,53,144;;;1,745214;1,753057;0,007843;;0,007589;0,000254;-0,007335
528;1,753057;;192,168,1,3;23,44,53,144;;;1,753057;1,753311;0,000254;;-0,036168;0,036422;0,07259
529;1,753311;;192,168,1,3;23,44,53,144;;;1,753311;1,789733;0,036422;;0,026358;0,010064;-0,016294
557;1,789733;;192,168,1,3;23,44,53,144;;;1,789733;1,799797;0,010064;;0,009917;0,000147;-0,00977
559;1,799797;;72.246.222.152;192,168,1,3;;;1,799797;1,799944;0,000147;;-0,002242;0,002389;0,004631
561;1,799944;;192,168,1,3;72.246.222.152;;;1,799944;1,802333;0,002389;;-0,02109;0,023479;0,044569
562;1,802333;;192,168,1,3;72.246.222.152;;;1,802333;1,825812;0,023479;;0,023478;1,00E-06;-0,023477
578;1,825812;;23,44,53,144;192,168,1,3;;;1,825812;1,825813;1,00E-06;;-0,001712;0,001713;0,003425
579;1,825813;;23,44,53,144;192,168,1,3;;;1,825813;1,827526;0,001713;;-0,005579;0,007292;0,012871
580;1,827526;;192,168,1,3;23,44,53,144;;;1,827526;1,834818;0,007292;;0,007291;1,00E-06;-0,00729
581;1,834818;;23,44,53,144;192,168,1,3;;;1,834818;1,834819;1,00E-06;;-0,019045;0,019046;0,038091
582;1,834819;;23,44,53,144;192,168,1,3;;;1,834819;1,853865;0,019046;;0,01007;0,008976;-0,001094
592;1,853865;;23,44,53,144;192,168,1,3;;;1,853865;1,862841;0,008976;;0,004811;0,004165;-0,000646
595;1,862841;;23,44,53,144;192,168,1,3;;;1,862841;1,867006;0,004165;;-0,002506;0,006671;0,009177
596;1,867006;;192,168,1,3;23,44,53,144;;;1,867006;1,873677;0,006671;;-0,007822;0,014493;0,022315
597;1,873677;;192,168,1,3;23,44,53,144;;;1,873677;1,88817;0,014493;;0,013911;0,000582;-0,013329
600;1,88817;;23,44,53,144;192,168,1,3;;;1,88817;1,888752;0,000582;;-0,024435;0,025017;0,049452
601;1,888752;;23,44,53,144;192,168,1,3;;;1,888752;1,913769;0,025017;;0,013968;0,011049;-0,002919
605;1,913769;;192,168,1,3;23,44,53,144;;;1,913769;1,924818;0,011049;;0,011048;1,00E-06;-0,011047
607;1,924818;;23,44,53,144;192,168,1,3;;;1,924818;1,924819;1,00E-06;;-0,005077;0,005078;0,010155
608;1,924819;;23,44,53,144;192,168,1,3;;;1,924819;1,929897;0,005078;;-0,006876;0,011954;0,01883
610;1,929897;;192,168,1,3;23,44,53,144;;;1,929897;1,941851;0,011954;;0,007012;0,004942;-0,00207
612;1,941851;;192,168,1,3;23,44,53,144;;;1,941851;1,946793;0,004942;;-0,005121;0,010063;0,015184
614;1,946793;;144,195,42,75;192,168,1,3;;;1,946793;1,956856;0,010063;;0,006872;0,003191;-0,003681
617;1,956856;;192,168,1,3;144,195,42,75;;;1,956856;1,960047;0,003191;;0,001524;0,001667;0,000143
618;1,960047;;192,168,1,3;104.109.129.114;;;1,960047;1,961714;0,001667;;-0,015402;0,017069;0,032471
619;1,961714;;192,168,1,3;104.109.129.114;;;1,961714;1,978783;0,017069;;0,017068;1,00E-06;-0,017067
624;1,978783;;23,44,53,144;192,168,1,3;;;1,978783;1,978784;1,00E-06;;-0,012944;0,012945;0,025889
625;1,978784;;23,44,53,144;192,168,1,3;;;1,978784;1,991729;0,012945;;-0,011277;0,024222;0,035499
630;1,991729;;192,168,1,3;104.109.129.114;;;1,991729;2,015951;0,024222;;0,024222;0;-0,024222
634;2,015951;;23,44,53,144;192,168,1,3;;;2,015951;2,015951;0;;-0,00475;0,00475;0,0095
635;2,015951;;23,44,53,144;192,168,1,3;;;2,015951;2,020701;0,00475;;-0,003314;0,008064;0,011378
637;2,020701;;192,168,1,3;23,44,53,144;;;2,020701;2,028765;0,008064;;-0,00992;0,017984;0,027904
638;2,028765;;23,44,53,144;192,168,1,3;;;2,028765;2,046749;0,017984;;0,017003;0,000981;-0,016022
641;2,046749;;23,44,53,144;192,168,1,3;;;2,046749;2,04773;0,000981;;-0,014071;0,015052;0,029123
642;2,04773;;23,44,53,144;192,168,1,3;;;2,04773;2,062782;0,015052;;0,015052;0;-0,015052
646;2,062782;;104.109.129.114;192,168,1,3;;;2,062782;2,062782;0;;-0,000161;0,000161;0,000322
647;2,062782;;72.246.222.152;192,168,1,3;;;2,062782;2,062943;0,000161;;-0,000646;0,000807;0,001453
648;2,062943;;192,168,1,3;104.109.129.114;;;2,062943;2,06375;0,000807;;0,00065;0,000157;-0,000493
649;2,06375;;192,168,1,3;104.109.129.114;;;2,06375;2,063907;0,000157;;0,000156;1,00E-06;-0,000155
650;2,063907;;72.246.222.152;192,168,1,3;;;2,063907;2,063908;1,00E-06;;1,00E-06;0;-1,00E-06
651;2,063908;;72.246.222.152;192,168,1,3;;;2,063908;2,063908;0;;-0,000104;0,000104;0,000208
652;2,063908;;72.246.222.152;192,168,1,3;;;2,063908;2,064012;0,000104;;-0,000736;0,00084;0,001576
653;2,064012;;192,168,1,3;72.246.222.152;;;2,064012;2,064852;0,00084;;0,000736;0,000104;-0,000632
654;2,064852;;72.246.222.152;192,168,1,3;;;2,064852;2,064956;0,000104;;-0,001748;0,001852;0,0036
655;2,064956;;192,168,1,3;72.246.222.152;;;2,064956;2,066808;0,001852;;0,001721;0,000131;-0,00159
659;2,066808;;192,168,1,3;23,44,53,144;;;2,066808;2,066939;0,000131;;-0,003638;0,003769;0,007407
660;2,066939;;192,168,1,3;23,44,53,144;;;2,066939;2,070708;0,003769;;0,000679;0,00309;0,002411
662;2,070708;;192,168,1,3;23,44,53,144;;;2,070708;2,073798;0,00309;;0,002948;0,000142;-0,002806
663;2,073798;;104.109.129.114;192,168,1,3;;;2,073798;2,07394;0,000142;;-0,015766;0,015908;0,031674
664;2,07394;;192,168,1,3;104.109.129.114;;;2,07394;2,089848;0,015908;;0,015759;0,000149;-0,01561
666;2,089848;;104.109.129.114;192,168,1,3;;;2,089848;2,089997;0,000149;;-0,024176;0,024325;0,048501
667;2,089997;;192,168,1,3;104.109.129.114;;;2,089997;2,114322;0,024325;;-0,028328;0,052653;0,080981
669;2,114322;;192,168,1,3;104.109.129.114;;;2,114322;2,166975;0,052653;;0,051675;0,000978;-0,050697
678;2,166975;;192,168,1,3;23,44,53,144;;;2,166975;2,167953;0,000978;;0,000977;1,00E-06;-0,000976
679;2,167953;;104.109.129.114;192,168,1,3;;;2,167953;2,167954;1,00E-06;;0;1,00E-06;1,00E-06
680;2,167954;;104.109.129.114;192,168,1,3;;;2,167954;2,167955;1,00E-06;;-0,000142;0,000143;0,000285
681;2,167955;;104.109.129.114;192,168,1,3;;;2,167955;2,168098;0,000143;;-2,40E-05;0,000167;0,000191
682;2,168098;;192,168,1,3;104.109.129.114;;;2,168098;2,168265;0,000167;;7,90E-05;8,80E-05;9,00E-06
685;2,168265;;104.109.129.114;192,168,1,3;;;2,168265;2,168353;8,80E-05;;-0,044405;0,044493;0,088898
686;2,168353;;192,168,1,3;104.109.129.114;;;2,168353;2,212846;0,044493;;0,044492;1,00E-06;-0,044491
693;2,212846;;104.109.129.114;192,168,1,3;;;2,212846;2,212847;1,00E-06;;0;1,00E-06;1,00E-06
694;2,212847;;104.109.129.114;192,168,1,3;;;2,212847;2,212848;1,00E-06;;1,00E-06;0;-1,00E-06
695;2,212848;;104.109.129.114;192,168,1,3;;;2,212848;2,212848;0;;-0,000147;0,000147;0,000294
696;2,212848;;104.109.129.114;192,168,1,3;;;2,212848;2,212995;0,000147;;-0,015894;0,016041;0,031935
697;2,212995;;192,168,1,3;104.109.129.114;;;2,212995;2,229036;0,016041;;-0,019693;0,035734;0,055427
700;2,229036;;192,168,1,3;104.109.129.114;;;2,229036;2,26477;0,035734;;0,031713;0,004021;-0,027692
706;2,26477;;144,195,42,75;192,168,1,3;;;2,26477;2,268791;0,004021;;-0,008082;0,012103;0,020185
708;2,268791;;104.109.129.114;192,168,1,3;;;2,268791;2,280894;0,012103;;0,010394;0,001709;-0,008685
711;2,280894;;192,168,1,3;144,195,42,75;;;2,280894;2,282603;0,001709;;-0,008263;0,009972;0,018235
714;2,282603;;192,168,1,3;104.109.129.114;;;2,282603;2,292575;0,009972;;-0,002855;0,012827;0,015682
715;2,292575;;192,168,1,3;104.109.129.114;;;2,292575;2,305402;0,012827;;0,011568;0,001259;-0,010309
721;2,305402;;192,168,1,3;104.109.129.114;;;2,305402;2,306661;0,001259;;-0,00261;0,003869;0,006479
722;2,306661;;192,168,1,3;104.109.129.114;;;2,306661;2,31053;0,003869;;0,00378;8,90E-05;-0,003691
725;2,31053;;104.109.129.114;192,168,1,3;;;2,31053;2,310619;8,90E-05;;-0,005045;0,005134;0,010179
726;2,310619;;192,168,1,3;104.109.129.114;;;2,310619;2,315753;0,005134;;-0,002902;0,008036;0,010938
727;2,315753;;192,168,1,3;104.109.129.114;;;2,315753;2,323789;0,008036;;-0,009598;0,017634;0,027232
732;2,323789;;72.246.222.152;192,168,1,3;;;2,323789;2,341423;0,017634;;0,016066;0,001568;-0,014498
733;2,341423;;192,168,1,3;72.246.222.152;;;2,341423;2,342991;0,001568;;0,001567;1,00E-06;-0,001566
735;2,342991;;104.109.129.114;192,168,1,3;;;2,342991;2,342992;1,00E-06;;4,44E-16;1,00E-06;1,00E-06
736;2,342992;;104.109.129.114;192,168,1,3;;;2,342992;2,342993;1,00E-06;;1,00E-06;0;-1,00E-06
737;2,342993;;104.109.129.114;192,168,1,3;;;2,342993;2,342993;0;;-0,000245;0,000245;0,00049
738;2,342993;;104.109.129.114;192,168,1,3;;;2,342993;2,343238;0,000245;;-0,0004;0,000645;0,001045
740;2,343238;;192,168,1,3;104.109.129.114;;;2,343238;2,343883;0,000645;;0,000548;9,70E-05;-0,000451
741;2,343883;;104.109.129.114;192,168,1,3;;;2,343883;2,34398;9,70E-05;;-0,051722;0,051819;0,103541
742;2,34398;;192,168,1,3;104.109.129.114;;;2,34398;2,395799;0,051819;;0,05076;0,001059;-0,049701
759;2,395799;;104.109.129.114;192,168,1,3;;;2,395799;2,396858;0,001059;;-0,008943;0,010002;0,018945
760;2,396858;;144,195,42,75;192,168,1,3;;;2,396858;2,40686;0,010002;;0,009001;0,001001;-0,008
762;2,40686;;192,168,1,3;144,195,42,75;;;2,40686;2,407861;0,001001;;0,000856;0,000145;-0,000711
765;2,407861;;104.109.129.114;192,168,1,3;;;2,407861;2,408006;0,000145;;-0,000689;0,000834;0,001523
766;2,408006;;192,168,1,3;104.109.129.114;;;2,408006;2,40884;0,000834;;0,000713;0,000121;-0,000592
767;2,40884;;104.109.129.114;192,168,1,3;;;2,40884;2,408961;0,000121;;-0,004708;0,004829;0,009537
768;2,408961;;192,168,1,3;104.109.129.114;;;2,408961;2,41379;0,004829;;0,004686;0,000143;-0,004543
769;2,41379;;104.109.129.114;192,168,1,3;;;2,41379;2,413933;0,000143;;-0,008336;0,008479;0,016815
770;2,413933;;192,168,1,3;104.109.129.114;;;2,413933;2,422412;0,008479;;0,005473;0,003006;-0,002467
771;2,422412;;192,168,1,3;104.109.129.114;;;2,422412;2,425418;0,003006;;-1,20E-05;0,003018;0,00303
772;2,425418;;192,168,1,3;104.109.129.114;;;2,425418;2,428436;0,003018;;0,002626;0,000392;-0,002234
775;2,428436;;192,168,1,3;104.109.129.114;;;2,428436;2,428828;0,000392;;0,000265;0,000127;-0,000138
776;2,428828;;104.109.129.114;192,168,1,3;;;2,428828;2,428955;0,000127;;-0,000615;0,000742;0,001357
777;2,428955;;192,168,1,3;104.109.129.114;;;2,428955;2,429697;0,000742;;-0,023358;0,0241;0,047458
778;2,429697;;192,168,1,3;104.109.129.114;;;2,429697;2,453797;0,0241;;-0,008481;0,032581;0,041062
782;2,453797;;104.109.129.114;192,168,1,3;;;2,453797;2,486378;0,032581;;-0,003877;0,036458;0,040335
791;2,486378;;192,168,1,3;104.109.129.114;;;2,486378;2,522836;0,036458;;0,036457;1,00E-06;-0,036456
809;2,522836;;104.109.129.114;192,168,1,3;;;2,522836;2,522837;1,00E-06;;-0,00098;0,000981;0,001961
810;2,522837;;104.109.129.114;192,168,1,3;;;2,522837;2,523818;0,000981;;2,80E-05;0,000953;0,000925
811;2,523818;;104.109.129.114;192,168,1,3;;;2,523818;2,524771;0,000953;;0,000948;5,00E-06;-0,000943
814;2,524771;;104.109.129.114;192,168,1,3;;;2,524771;2,524776;5,00E-06;;4,00E-06;1,00E-06;-3,00E-06
815;2,524776;;104.109.129.114;192,168,1,3;;;2,524776;2,524777;1,00E-06;;-0,000144;0,000145;0,000289
816;2,524777;;104.109.129.114;192,168,1,3;;;2,524777;2,524922;0,000145;;-0,000826;0,000971;0,001797
817;2,524922;;192,168,1,3;104.109.129.114;;;2,524922;2,525893;0,000971;;0,000902;6,90E-05;-0,000833
818;2,525893;;104.109.129.114;192,168,1,3;;;2,525893;2,525962;6,90E-05;;-0,001785;0,001854;0,003639
819;2,525962;;192,168,1,3;104.109.129.114;;;2,525962;2,527816;0,001854;;0,001458;0,000396;-0,001062
820;2,527816;;144,195,42,75;192,168,1,3;;;2,527816;2,528212;0,000396;;-0,00751;0,007906;0,015416
821;2,528212;;192,168,1,3;144,195,42,75;;;2,528212;2,536118;0,007906;;0,007905;1,00E-06;-0,007904
826;2,536118;;104.109.129.114;192,168,1,3;;;2,536118;2,536119;1,00E-06;;-4,44E-16;1,00E-06;1,00E-06
827;2,536119;;104.109.129.114;192,168,1,3;;;2,536119;2,53612;1,00E-06;;1,00E-06;0;-1,00E-06
828;2,53612;;104.109.129.114;192,168,1,3;;;2,53612;2,53612;0;;-0,000154;0,000154;0,000308
829;2,53612;;104.109.129.114;192,168,1,3;;;2,53612;2,536274;0,000154;;-0,000509;0,000663;0,001172
830;2,536274;;192,168,1,3;104.109.129.114;;;2,536274;2,536937;0,000663;;0,000581;8,20E-05;-0,000499
831;2,536937;;104.109.129.114;192,168,1,3;;;2,536937;2,537019;8,20E-05;;-0,009784;0,009866;0,01965
832;2,537019;;192,168,1,3;104.109.129.114;;;2,537019;2,546885;0,009866;;0,009865;1,00E-06;-0,009864
838;2,546885;;104.109.129.114;192,168,1,3;;;2,546885;2,546886;1,00E-06;;-0,000988;0,000989;0,001977
839;2,546886;;104.109.129.114;192,168,1,3;;;2,546886;2,547875;0,000989;;0,000987;2,00E-06;-0,000985
840;2,547875;;104.109.129.114;192,168,1,3;;;2,547875;2,547877;2,00E-06;;2,00E-06;0;-2,00E-06
841;2,547877;;104.109.129.114;192,168,1,3;;;2,547877;2,547877;0;;-0,000146;0,000146;0,000292
842;2,547877;;104.109.129.114;192,168,1,3;;;2,547877;2,548023;0,000146;;-0,000731;0,000877;0,001608
843;2,548023;;192,168,1,3;104.109.129.114;;;2,548023;2,5489;0,000877;;0,000876;1,00E-06;-0,000875
844;2,5489;;144,195,42,75;192,168,1,3;;;2,5489;2,548901;1,00E-06;;-0,014275;0,014276;0,028551
845;2,548901;;144,195,42,75;192,168,1,3;;;2,548901;2,563177;0,014276;;-0,021051;0,035327;0,056378
849;2,563177;;192,168,1,3;104.109.129.114;;;2,563177;2,598504;0,035327;;0,031334;0,003993;-0,027341
862;2,598504;;104.109.129.114;192,168,1,3;;;2,598504;2,602497;0,003993;;0,003992;1,00E-06;-0,003991
863;2,602497;;72.246.222.152;192,168,1,3;;;2,602497;2,602498;1,00E-06;;-0,011536;0,011537;0,023073
864;2,602498;;72.246.222.152;192,168,1,3;;;2,602498;2,614035;0,011537;;0,000521;0,011016;0,010495
867;2,614035;;104.109.129.114;192,168,1,3;;;2,614035;2,625051;0,011016;;-0,005939;0,016955;0,022894
869;2,625051;;104.109.129.114;192,168,1,3;;;2,625051;2,642006;0,016955;;0,00504;0,011915;0,006875
873;2,642006;;104.109.129.114;192,168,1,3;;;2,642006;2,653921;0,011915;;0,010878;0,001037;-0,009841
876;2,653921;;192,168,1,3;104.109.129.114;;;2,653921;2,654958;0,001037;;-0,000914;0,001951;0,002865
877;2,654958;;192,168,1,3;104.109.129.114;;;2,654958;2,656909;0,001951;;-0,001167;0,003118;0,004285
878;2,656909;;192,168,1,3;72.246.222.152;;;2,656909;2,660027;0,003118;;0,003117;1,00E-06;-0,003116
879;2,660027;;104.109.129.114;192,168,1,3;;;2,660027;2,660028;1,00E-06;;-0,002883;0,002884;0,005767
880;2,660028;;104.109.129.114;192,168,1,3;;;2,660028;2,662912;0,002884;;-0,001258;0,004142;0,0054
881;2,662912;;192,168,1,3;104.109.129.114;;;2,662912;2,667054;0,004142;;-0,003869;0,008011;0,01188
885;2,667054;;192,168,1,3;144,195,42,75;;;2,667054;2,675065;0,008011;;0,008009;2,00E-06;-0,008007
886;2,675065;;104.109.129.114;192,168,1,3;;;2,675065;2,675067;2,00E-06;;1,00E-06;1,00E-06;4,44E-16
887;2,675067;;104.109.129.114;192,168,1,3;;;2,675067;2,675068;1,00E-06;;-0,000141;0,000142;0,000283
888;2,675068;;104.109.129.114;192,168,1,3;;;2,675068;2,67521;0,000142;;-0,000229;0,000371;0,0006
889;2,67521;;192,168,1,3;104.109.129.114;;;2,67521;2,675581;0,000371;;-0,035081;0,035452;0,070533
890;2,675581;;192,168,1,3;104.109.129.114;;;2,675581;2,711033;0,035452;;0,032476;0,002976;-0,0295
896;2,711033;;104.109.129.114;192,168,1,3;;;2,711033;2,714009;0,002976;;-0,037966;0,040942;0,078908
897;2,714009;;144,195,42,75;192,168,1,3;;;2,714009;2,754951;0,040942;;0,040805;0,000137;-0,040668
905;2,754951;;192,168,1,3;104.109.129.114;;;2,754951;2,755088;0,000137;;-0,019891;0,020028;0,039919
906;2,755088;;192,168,1,3;104.109.129.114;;;2,755088;2,775116;0,020028;;0,007996;0,012032;0,004036
911;2,775116;;104.109.129.114;192,168,1,3;;;2,775116;2,787148;0,012032;;0,010028;0,002004;-0,008024
914;2,787148;;104.109.129.114;192,168,1,3;;;2,787148;2,789152;0,002004;;0,002003;1,00E-06;-0,002002
916;2,789152;;104.109.129.114;192,168,1,3;;;2,789152;2,789153;1,00E-06;;4,44E-16;1,00E-06;1,00E-06
917;2,789153;;104.109.129.114;192,168,1,3;;;2,789153;2,789154;1,00E-06;;-0,000135;0,000136;0,000271
918;2,789154;;104.109.129.114;192,168,1,3;;;2,789154;2,78929;0,000136;;-0,006619;0,006755;0,013374
919;2,78929;;192,168,1,3;104.109.129.114;;;2,78929;2,796045;0,006755;;-0,077079;0,083834;0,160913
921;2,796045;;144,195,42,75;192,168,1,3;;;2,796045;2,879879;0,083834;;0,070135;0,013699;-0,056436
935;2,879879;;192,168,1,3;104.109.129.114;;;2,879879;2,893578;0,013699;;0,002194;0,011505;0,009311
940;2,893578;;144,195,42,75;192,168,1,3;;;2,893578;2,905083;0,011505;;-8,10E-05;0,011586;0,011667
942;2,905083;;192,168,1,3;144,195,42,75;;;2,905083;2,916669;0,011586;;0,010589;0,000997;-0,009592
945;2,916669;;72.246.222.152;192,168,1,3;;;2,916669;2,917666;0,000997;;0,000995;2,00E-06;-0,000993
946;2,917666;;72.246.222.152;192,168,1,3;;;2,917666;2,917668;2,00E-06;;-0,000264;0,000266;0,00053
947;2,917668;;72.246.222.152;192,168,1,3;;;2,917668;2,917934;0,000266;;-0,062369;0,062635;0,125004
948;2,917934;;192,168,1,3;72.246.222.152;;;2,917934;2,980569;0,062635;;0,062634;1,00E-06;-0,062633
954;2,980569;;104.109.129.114;192,168,1,3;;;2,980569;2,98057;1,00E-06;;-0,074897;0,074898;0,149795
955;2,98057;;104.109.129.114;192,168,1,3;;;2,98057;3,055468;0,074898;;0,062209;0,012689;-0,04952
970;3,055468;;192,168,1,3;104.109.129.114;;;3,055468;3,068157;0,012689;;-0,032689;0,045378;0,078067
971;3,068157;;192,168,1,3;104.109.129.114;;;3,068157;3,113535;0,045378;;0,038376;0,007002;-0,031374
978;3,113535;;104.109.129.114;192,168,1,3;;;3,113535;3,120537;0,007002;;-0,00089;0,007892;0,008782
979;3,120537;;104.109.129.114;192,168,1,3;;;3,120537;3,128429;0,007892;;-0,012151;0,020043;0,032194
980;3,128429;;192,168,1,3;104.109.129.114;;;3,128429;3,148472;0,020043;;-0,005277;0,02532;0,030597
984;3,148472;;192,168,1,3;104.109.129.114;;;3,148472;3,173792;0,02532;;0,024545;0,000775;-0,02377
988;3,173792;;144,195,42,75;192,168,1,3;;;3,173792;3,174567;0,000775;;-0,003063;0,003838;0,006901
989;3,174567;;104.109.129.114;192,168,1,3;;;3,174567;3,178405;0,003838;;0,00243;0,001408;-0,001022
990;3,178405;;192,168,1,3;104.109.129.114;;;3,178405;3,179813;0,001408;;-0,047304;0,048712;0,096016
991;3,179813;;192,168,1,3;104.109.129.114;;;3,179813;3,228525;0,048712;;0,046695;0,002017;-0,044678
999;3,228525;;104.109.129.114;192,168,1,3;;;3,228525;3,230542;0,002017;;0,002016;1,00E-06;-0,002015
1000;3,230542;;104.109.129.114;192,168,1,3;;;3,230542;3,230543;1,00E-06;;1,00E-06;0;-1,00E-06
1001;3,230543;;104.109.129.114;192,168,1,3;;;3,230543;3,230543;0;;-0,000144;0,000144;0,000288
1002;3,230543;;104.109.129.114;192,168,1,3;;;3,230543;3,230687;0,000144;;-0,023788;0,023932;0,04772
1003;3,230687;;192,168,1,3;104.109.129.114;;;3,230687;3,254619;0,023932;;0,022875;0,001057;-0,021818
1008;3,254619;;104.109.129.114;192,168,1,3;;;3,254619;3,255676;0,001057;;0,001055;2,00E-06;-0,001053
1009;3,255676;;104.109.129.114;192,168,1,3;;;3,255676;3,255678;2,00E-06;;-0,000156;0,000158;0,000314
1010;3,255678;;104.109.129.114;192,168,1,3;;;3,255678;3,255836;0,000158;;-0,02554;0,025698;0,051238
1011;3,255836;;192,168,1,3;104.109.129.114;;;3,255836;3,281534;0,025698;;0,023189;0,002509;-0,02068
1012;3,281534;;104.109.129.114;192,168,1,3;;;3,281534;3,284043;0,002509;;0,002503;6,00E-06;-0,002497
1013;3,284043;;104.109.129.114;192,168,1,3;;;3,284043;3,284049;6,00E-06;;6,00E-06;0;-6,00E-06
1014;3,284049;;104.109.129.114;192,168,1,3;;;3,284049;3,284049;0;;-0,000138;0,000138;0,000276
1015;3,284049;;104.109.129.114;192,168,1,3;;;3,284049;3,284187;0,000138;;-0,006218;0,006356;0,012574
1016;3,284187;;192,168,1,3;104.109.129.114;;;3,284187;3,290543;0,006356;;-0,000689;0,007045;0,007734
1017;3,290543;;104.109.129.114;192,168,1,3;;;3,290543;3,297588;0,007045;;0,007044;1,00E-06;-0,007043
1018;3,297588;;104.109.129.114;192,168,1,3;;;3,297588;3,297589;1,00E-06;;-4,44E-16;1,00E-06;1,00E-06
1019;3,297589;;104.109.129.114;192,168,1,3;;;3,297589;3,29759;1,00E-06;;-0,000135;0,000136;0,000271
1020;3,29759;;104.109.129.114;192,168,1,3;;;3,29759;3,297726;0,000136;;-0,057665;0,057801;0,115466
1021;3,297726;;192,168,1,3;104.109.129.114;;;3,297726;3,355527;0,057801;;0,005733;0,052068;0,046335
1029;3,355527;;192,168,1,3;104.109.129.114;;;3,355527;3,407595;0,052068;;0,051915;0,000153;-0,051762
1042;3,407595;;104.109.129.114;192,168,1,3;;;3,407595;3,407748;0,000153;;-0,050298;0,050451;0,100749
1043;3,407748;;192,168,1,3;104.109.129.114;;;3,407748;3,458199;0,050451;;0,050371;8,00E-05;-0,050291
1052;3,458199;;104.109.129.114;192,168,1,3;;;3,458199;3,458279;8,00E-05;;-0,00291;0,00299;0,0059
1053;3,458279;;192,168,1,3;104.109.129.114;;;3,458279;3,461269;0,00299;;-0,099153;0,102143;0,201296
1054;3,461269;;192,168,1,3;104.109.129.114;;;3,461269;3,563412;0,102143;;0,102142;1,00E-06;-0,102141
1068;3,563412;;104.109.129.114;192,168,1,3;;;3,563412;3,563413;1,00E-06;;-0,000856;0,000857;0,001713
1069;3,563413;;104.109.129.114;192,168,1,3;;;3,563413;3,56427;0,000857;;0,000855;2,00E-06;-0,000853
1070;3,56427;;104.109.129.114;192,168,1,3;;;3,56427;3,564272;2,00E-06;;-0,000133;0,000135;0,000268
1071;3,564272;;104.109.129.114;192,168,1,3;;;3,564272;3,564407;0,000135;;-7,20E-05;0,000207;0,000279
1072;3,564407;;192,168,1,3;104.109.129.114;;;3,564407;3,564614;0,000207;;0,00017;3,70E-05;-0,000133
1073;3,564614;;104.109.129.114;192,168,1,3;;;3,564614;3,564651;3,70E-05;;-0,113957;0,113994;0,227951
1074;3,564651;;192,168,1,3;104.109.129.114;;;3,564651;3,678645;0,113994;;0,110413;0,003581;-0,106832
1083;3,678645;;104.109.129.114;192,168,1,3;;;3,678645;3,682226;0,003581;;-0,09886;0,102441;0,201301
1084;3,682226;;192,168,1,3;104.109.129.114;;;3,682226;3,784667;0,102441;;0,10244;1,00E-06;-0,102439
1094;3,784667;;104.109.129.114;192,168,1,3;;;3,784667;3,784668;1,00E-06;;-0,004733;0,004734;0,009467
1095;3,784668;;104.109.129.114;192,168,1,3;;;3,784668;3,789402;0,004734;;-0,097549;0,102283;0,199832
1096;3,789402;;192,168,1,3;104.109.129.114;;;3,789402;3,891685;0,102283;;0,099333;0,00295;-0,096383
1115;3,891685;;104.109.129.114;192,168,1,3;;;3,891685;3,894635;0,00295;;0,002948;2,00E-06;-0,002946
1116;3,894635;;104.109.129.114;192,168,1,3;;;3,894635;3,894637;2,00E-06;;-0,000128;0,00013;0,000258
1117;3,894637;;104.109.129.114;192,168,1,3;;;3,894637;3,894767;0,00013;;-0,000787;0,000917;0,001704
1118;3,894767;;192,168,1,3;104.109.129.114;;;3,894767;3,895684;0,000917;;-0,012253;0,01317;0,025423
1119;3,895684;;144,195,42,75;192,168,1,3;;;3,895684;3,908854;0,01317;;-0,049825;0,062995;0,11282
1120;3,908854;;192,168,1,3;144,195,42,75;;;3,908854;3,971849;0,062995;;-0,141779;0,204774;0,346553
1126;3,971849;;192,168,1,3;170,114,15,137;;;3,971849;4,176623;0,204774;;0,110685;0,094089;-0,016596
1153;4,176623;;144,195,42,75;192,168,1,3;;;4,176623;4,270712;0,094089;;-0,026849;0,120938;0,147787
1176;4,270712;;170,114,15,137;192,168,1,3;;;4,270712;4,39165;0,120938;;0,10989;0,011048;-0,098842
1200;4,39165;;144,195,42,75;192,168,1,3;;;4,39165;4,402698;0,011048;;-0,256863;0,267911;0,524774
1201;4,402698;;192,168,1,3;144,195,42,75;;;4,402698;4,670609;0,267911;;0,050371;0,21754;0,167169
1239;4,670609;;144,195,42,75;192,168,1,3;;;4,670609;4,888149;0,21754;;0,211328;0,006212;-0,205116
1262;4,888149;;144,195,42,75;192,168,1,3;;;4,888149;4,894361;0,006212;;-0,141586;0,147798;0,289384
1263;4,894361;;192,168,1,3;144,195,42,75;;;4,894361;5,042159;0,147798;;0,147721;7,70E-05;-0,147644
1279;5,042159;;192,168,1,3;144,195,42,75;;;5,042159;5,042236;7,70E-05;;-0,136476;0,136553;0,273029
1280;5,042236;;192,168,1,3;144,195,42,75;;;5,042236;5,178789;0,136553;;0,044194;0,092359;0,048165
1301;5,178789;;144,195,42,75;192,168,1,3;;;5,178789;5,271148;0,092359;;0,070131;0,022228;-0,047903
1314;5,271148;;192,168,1,3;142,251,12,119;;;5,271148;5,293376;0,022228;;0,022109;0,000119;-0,02199
1317;5,293376;;142,251,12,119;192,168,1,3;;;5,293376;5,293495;0,000119;;-0,016773;0,016892;0,033665
1318;5,293495;;192,168,1,3;142,251,12,119;;;5,293495;5,310387;0,016892;;0,016891;1,00E-06;-0,01689
1319;5,310387;;144,195,42,75;192,168,1,3;;;5,310387;5,310388;1,00E-06;;-0,003003;0,003004;0,006007
1320;5,310388;;144,195,42,75;192,168,1,3;;;5,310388;5,313392;0,003004;;-0,050918;0,053922;0,10484
1323;5,313392;;144,195,42,75;192,168,1,3;;;5,313392;5,367314;0,053922;;0,025835;0,028087;0,002252
1331;5,367314;;192,168,1,3;144,195,42,75;;;5,367314;5,395401;0,028087;;0,028086;1,00E-06;-0,028085
1337;5,395401;;144,195,42,75;192,168,1,3;;;5,395401;5,395402;1,00E-06;;-0,000151;0,000152;0,000303
1338;5,395402;;144,195,42,75;192,168,1,3;;;5,395402;5,395554;0,000152;;-0,004378;0,00453;0,008908
1339;5,395554;;192,168,1,3;144,195,42,75;;;5,395554;5,400084;0,00453;;0,003546;0,000984;-0,002562
1340;5,400084;;144,195,42,75;192,168,1,3;;;5,400084;5,401068;0,000984;;-0,210848;0,211832;0,42268
1341;5,401068;;192,168,1,3;144,195,42,75;;;5,401068;5,6129;0,211832;;0,206289;0,005543;-0,200746
1370;5,6129;;192,168,1,3;23,67,167,218;;;5,6129;5,618443;0,005543;;0,005376;0,000167;-0,005209
1372;5,618443;;23,67,167,218;192,168,1,3;;;5,618443;5,61861;0,000167;;-0,009593;0,00976;0,019353
1373;5,61861;;192,168,1,3;23,67,167,218;;;5,61861;5,62837;0,00976;;-0,06965;0,07941;0,14906
1376;5,62837;;192,168,1,3;23,67,167,218;;;5,62837;5,70778;0,07941;;-0,103763;0,183173;0,286936
1386;5,70778;;144,195,42,75;192,168,1,3;;;5,70778;5,890953;0,183173;;0,181961;0,001212;-0,180749
1405;5,890953;;144,195,42,75;192,168,1,3;;;5,890953;5,892165;0,001212;;-0,010301;0,011513;0,021814
1406;5,892165;;192,168,1,3;144,195,42,75;;;5,892165;5,903678;0,011513;;-0,040338;0,051851;0,092189
1408;5,903678;;23,67,167,218;192,168,1,3;;;5,903678;5,955529;0,051851;;-0,031859;0,08371;0,115569
1412;5,955529;;192,168,1,3;23,67,167,218;;;5,955529;6,039239;0,08371;;-0,037664;0,121374;0,159038
1419;6,039239;;192,168,1,3;144,195,42,75;;;6,039239;6,160613;0,121374;;0,098328;0,023046;-0,075282
1432;6,160613;;144,195,42,75;192,168,1,3;;;6,160613;6,183659;0,023046;;0,023045;1,00E-06;-0,023044
1436;6,183659;;23,67,167,218;192,168,1,3;;;6,183659;6,18366;1,00E-06;;0;1,00E-06;1,00E-06
1437;6,18366;;23,67,167,218;192,168,1,3;;;6,18366;6,183661;1,00E-06;;1,00E-06;0;-1,00E-06
1438;6,183661;;23,67,167,218;192,168,1,3;;;6,183661;6,183661;0;;-1,00E-06;1,00E-06;2,00E-06
1439;6,183661;;23,67,167,218;192,168,1,3;;;6,183661;6,183662;1,00E-06;;-0,000167;0,000168;0,000335
1440;6,183662;;23,67,167,218;192,168,1,3;;;6,183662;6,18383;0,000168;;-0,068613;0,068781;0,137394
1441;6,18383;;192,168,1,3;23,67,167,218;;;6,18383;6,252611;0,068781;;0,032494;0,036287;0,003793
1446;6,252611;;23,67,167,218;192,168,1,3;;;6,252611;6,288898;0,036287;;0,035128;0,001159;-0,033969
1448;6,288898;;144,195,42,75;192,168,1,3;;;6,288898;6,290057;0,001159;;-0,015368;0,016527;0,031895
1450;6,290057;;192,168,1,3;144,195,42,75;;;6,290057;6,306584;0,016527;;0,015419;0,001108;-0,014311
1452;6,306584;;144,195,42,75;192,168,1,3;;;6,306584;6,307692;0,001108;;-0,052874;0,053982;0,106856
1453;6,307692;;144,195,42,75;192,168,1,3;;;6,307692;6,361674;0,053982;;0,053981;1,00E-06;-0,05398
1458;6,361674;;144,195,42,75;192,168,1,3;;;6,361674;6,361675;1,00E-06;;1,00E-06;0;-1,00E-06
1459;6,361675;;144,195,42,75;192,168,1,3;;;6,361675;6,361675;0;;-0,000142;0,000142;0,000284
1460;6,361675;;144,195,42,75;192,168,1,3;;;6,361675;6,361817;0,000142;;-0,018787;0,018929;0,037716
1461;6,361817;;192,168,1,3;144,195,42,75;;;6,361817;6,380746;0,018929;;-0,1979;0,216829;0,414729
1463;6,380746;;192,168,1,3;144,195,42,75;;;6,380746;6,597575;0,216829;;0,164817;0,052012;-0,112805
1480;6,597575;;144,195,42,75;192,168,1,3;;;6,597575;6,649587;0,052012;;-0,009169;0,061181;0,07035
1482;6,649587;;144,195,42,75;192,168,1,3;;;6,649587;6,710768;0,061181;;-0,036493;0,097674;0,134167
1486;6,710768;;192,168,1,3;23,44,53,144;;;6,710768;6,808442;0,097674;;0,087185;0,010489;-0,076696
1496;6,808442;;23,44,53,144;192,168,1,3;;;6,808442;6,818931;0,010489;;0,000705;0,009784;0,009079
1497;6,818931;;23,44,53,144;192,168,1,3;;;6,818931;6,828715;0,009784;;-0,031497;0,041281;0,072778
1502;6,828715;;192,168,1,3;104.109.129.114;;;6,828715;6,869996;0,041281;;0,017171;0,02411;0,006939
1508;6,869996;;192,168,1,3;23,44,53,144;;;6,869996;6,894106;0,02411;;0,023782;0,000328;-0,023454
1512;6,894106;;144,195,42,75;192,168,1,3;;;6,894106;6,894434;0,000328;;-0,032348;0,032676;0,065024
1513;6,894434;;192,168,1,3;144,195,42,75;;;6,894434;6,92711;0,032676;;0,020556;0,01212;-0,008436
1518;6,92711;;104.109.129.114;192,168,1,3;;;6,92711;6,93923;0,01212;;0,012118;2,00E-06;-0,012116
1519;6,93923;;104.109.129.114;192,168,1,3;;;6,93923;6,939232;2,00E-06;;2,00E-06;0;-2,00E-06
1520;6,939232;;104.109.129.114;192,168,1,3;;;6,939232;6,939232;0;;-0,000204;0,000204;0,000408
1521;6,939232;;104.109.129.114;192,168,1,3;;;6,939232;6,939436;0,000204;;-0,222563;0,222767;0,44533
1522;6,939436;;192,168,1,3;104.109.129.114;;;6,939436;7,162203;0,222767;;-0,291708;0,514475;0,806183
1573;7,162203;;144,195,42,75;192,168,1,3;;;7,162203;7,676678;0,514475;;0,412374;0,102101;-0,310273
1639;7,676678;;192,168,1,3;23,44,53,144;;;7,676678;7,778779;0,102101;;0,101136;0,000965;-0,100171
1657;7,778779;;23,44,53,144;192,168,1,3;;;7,778779;7,779744;0,000965;;-0,024671;0,025636;0,050307
1658;7,779744;;23,44,53,144;192,168,1,3;;;7,779744;7,80538;0,025636;;-0,037226;0,062862;0,100088
1668;7,80538;;192,168,1,3;104.109.129.114;;;7,80538;7,868242;0,062862;;0,013841;0,049021;0,03518
1678;7,868242;;192,168,1,3;23,44,53,144;;;7,868242;7,917263;0,049021;;0,047382;0,001639;-0,045743
1687;7,917263;;104.109.129.114;192,168,1,3;;;7,917263;7,918902;0,001639;;0,001637;2,00E-06;-0,001635
1688;7,918902;;104.109.129.114;192,168,1,3;;;7,918902;7,918904;2,00E-06;;-0,000141;0,000143;0,000284
1689;7,918904;;104.109.129.114;192,168,1,3;;;7,918904;7,919047;0,000143;;-0,220522;0,220665;0,441187
1690;7,919047;;192,168,1,3;104.109.129.114;;;7,919047;8,139712;0,220665;;0,219978;0,000687;-0,219291
1730;8,139712;;144,195,42,75;192,168,1,3;;;8,139712;8,140399;0,000687;;-0,209326;0,210013;0,419339
1731;8,140399;;192,168,1,3;144,195,42,75;;;8,140399;8,350412;0,210013;;0,20967;0,000343;-0,209327
1766;8,350412;;144,195,42,75;192,168,1,3;;;8,350412;8,350755;0,000343;;-0,04133;0,041673;0,083003
1767;8,350755;;192,168,1,3;144,195,42,75;;;8,350755;8,392428;0,041673;;0,041672;1,00E-06;-0,041671
1776;8,392428;;144,195,42,75;192,168,1,3;;;8,392428;8,392429;1,00E-06;;0;1,00E-06;1,00E-06
1777;8,392429;;144,195,42,75;192,168,1,3;;;8,392429;8,39243;1,00E-06;;-0,00017;0,000171;0,000341
1778;8,39243;;144,195,42,75;192,168,1,3;;;8,39243;8,392601;0,000171;;-0,003258;0,003429;0,006687
1779;8,392601;;192,168,1,3;144,195,42,75;;;8,392601;8,39603;0,003429;;-0,008984;0,012413;0,021397
1780;8,39603;;192,168,1,3;23,44,53,144;;;8,39603;8,408443;0,012413;;0,01225;0,000163;-0,012087
1782;8,408443;;144,195,42,75;192,168,1,3;;;8,408443;8,408606;0,000163;;-0,086589;0,086752;0,173341
1783;8,408606;;192,168,1,3;144,195,42,75;;;8,408606;8,495358;0,086752;;-0,036081;0,122833;0,158914
1794;8,495358;;23,44,53,144;192,168,1,3;;;8,495358;8,618191;0,122833;;0,063852;0,058981;-0,004871
1817;8,618191;;144,195,42,75;192,168,1,3;;;8,618191;8,677172;0,058981;;-0,064014;0,122995;0,187009
1828;8,677172;;144,195,42,75;192,168,1,3;;;8,677172;8,800167;0,122995;;0,110968;0,012027;-0,098941
1855;8,800167;;23,44,53,144;192,168,1,3;;;8,800167;8,812194;0,012027;;-0,001829;0,013856;0,015685
1856;8,812194;;192,168,1,3;104.109.129.114;;;8,812194;8,82605;0,013856;;0,013497;0,000359;-0,013138
1857;8,82605;;144,195,42,75;192,168,1,3;;;8,82605;8,826409;0,000359;;-0,028369;0,028728;0,057097
1858;8,826409;;192,168,1,3;144,195,42,75;;;8,826409;8,855137;0,028728;;-0,005337;0,034065;0,039402
1866;8,855137;;192,168,1,3;23,44,53,144;;;8,855137;8,889202;0,034065;;0,033687;0,000378;-0,033309
1874;8,889202;;144,195,42,75;192,168,1,3;;;8,889202;8,88958;0,000378;;-0,022082;0,02246;0,044542
1875;8,88958;;192,168,1,3;144,195,42,75;;;8,88958;8,91204;0,02246;;0,018437;0,004023;-0,014414
1878;8,91204;;104.109.129.114;192,168,1,3;;;8,91204;8,916063;0,004023;;0,004021;2,00E-06;-0,004019
1879;8,916063;;104.109.129.114;192,168,1,3;;;8,916063;8,916065;2,00E-06;;-0,000158;0,00016;0,000318
1880;8,916065;;104.109.129.114;192,168,1,3;;;8,916065;8,916225;0,00016;;-0,177759;0,177919;0,355678
1881;8,916225;;192,168,1,3;104.109.129.114;;;8,916225;9,094144;0,177919;;0,114923;0,062996;-0,051927
1903;9,094144;;144,195,42,75;192,168,1,3;;;9,094144;9,15714;0,062996;;-0,150002;0,212998;0,363
1912;9,15714;;144,195,42,75;192,168,1,3;;;9,15714;9,370138;0,212998;;0,127861;0,085137;-0,042724
1948;9,370138;;104.109.129.114;192,168,1,3;;;9,370138;9,455275;0,085137;;-0,237028;0,322165;0,559193
1962;9,455275;;192,168,1,3;104.109.129.114;;;9,455275;9,77744;0,322165;;0,319498;0,002667;-0,316831
1996;9,77744;;192,168,1,3;72.246.222.152;;;9,77744;9,780107;0,002667;;-0,262865;0,265532;0,528397
1997;9,780107;;192,168,1,3;144,195,42,75;;;9,780107;10,045639;0,265532;;0,263855;0,001677;-0,262178
2045;10,045639;;192,168,1,3;144,195,42,75;;;10,045639;10,047316;0,001677;;0,001677;0;-0,001677
2047;10,047316;;144,195,42,75;192,168,1,3;;;10,047316;10,047316;0;;-1,00E-06;1,00E-06;2,00E-06
2048;10,047316;;72.246.222.152;192,168,1,3;;;10,047316;10,047317;1,00E-06;;1,00E-06;0;-1,00E-06
2049;10,047317;;72.246.222.152;192,168,1,3;;;10,047317;10,047317;0;;-0,000215;0,000215;0,00043
2050;10,047317;;72.246.222.152;192,168,1,3;;;10,047317;10,047532;0,000215;;-0,000214;0,000429;0,000643
2051;10,047532;;192,168,1,3;72.246.222.152;;;10,047532;10,047961;0,000429;;-0,008873;0,009302;0,018175
2052;10,047961;;192,168,1,3;144,195,42,75;;;10,047961;10,057263;0,009302;;0,009301;1,00E-06;-0,0093
2053;10,057263;;144,195,42,75;192,168,1,3;;;10,057263;10,057264;1,00E-06;;-0,111165;0,111166;0,222331
2054;10,057264;;144,195,42,75;192,168,1,3;;;10,057264;10,16843;0,111166;;-0,03767;0,148836;0,186506
2067;10,16843;;192,168,1,3;144,195,42,75;;;10,16843;10,317266;0,148836;;0,143202;0,005634;-0,137568
2082;10,317266;;144,195,42,75;192,168,1,3;;;10,317266;10,3229;0,005634;;-0,035375;0,041009;0,076384
2085;10,3229;;192,168,1,3;23,44,53,144;;;10,3229;10,363909;0,041009;;0,035044;0,005965;-0,029079
2093;10,363909;;144,195,42,75;192,168,1,3;;;10,363909;10,369874;0,005965;;-0,045221;0,051186;0,096407
2094;10,369874;;192,168,1,3;144,195,42,75;;;10,369874;10,42106;0,051186;;-0,255781;0,306967;0,562748
2102;10,42106;;23,44,53,144;192,168,1,3;;;10,42106;10,728027;0,306967;;0,292522;0,014445;-0,278077
2138;10,728027;;23,44,53,144;192,168,1,3;;;10,728027;10,742472;0,014445;;-0,011073;0,025518;0,036591
2139;10,742472;;192,168,1,3;104.109.129.114;;;10,742472;10,76799;0,025518;;-0,060554;0,086072;0,146626
2142;10,76799;;192,168,1,3;23,44,53,144;;;10,76799;10,854062;0,086072;;0,082081;0,003991;-0,07809
2156;10,854062;;104.109.129.114;192,168,1,3;;;10,854062;10,858053;0,003991;;0,003989;2,00E-06;-0,003987
2164;10,858053;;104.109.129.114;192,168,1,3;;;10,858053;10,858055;2,00E-06;;1,00E-06;1,00E-06;-1,78E-15
2165;10,858055;;104.109.129.114;192,168,1,3;;;10,858055;10,858056;1,00E-06;;-0,000159;0,00016;0,000319
2166;10,858056;;104.109.129.114;192,168,1,3;;;10,858056;10,858216;0,00016;;-0,021284;0,021444;0,042728
2167;10,858216;;192,168,1,3;104.109.129.114;;;10,858216;10,87966;0,021444;;0,007056;0,014388;0,007332
2175;10,87966;;192,168,1,3;144,195,42,75;;;10,87966;10,894048;0,014388;;0,014253;0,000135;-0,014118
2180;10,894048;;144,195,42,75;192,168,1,3;;;10,894048;10,894183;0,000135;;-0,036769;0,036904;0,073673
2181;10,894183;;192,168,1,3;144,195,42,75;;;10,894183;10,931087;0,036904;;-0,18066;0,217564;0,398224
2187;10,931087;;192,168,1,3;144,195,42,75;;;10,931087;11,148651;0,217564;;0,209072;0,008492;-0,20058
2215;11,148651;;144,195,42,75;192,168,1,3;;;11,148651;11,157143;0,008492;;0,007108;0,001384;-0,005724
2219;11,157143;;144,195,42,75;192,168,1,3;;;11,157143;11,158527;0,001384;;-0,078854;0,080238;0,159092
2220;11,158527;;192,168,1,3;23,44,53,144;;;11,158527;11,238765;0,080238;;0,055826;0,024412;-0,031414
2240;11,238765;;144,195,42,75;192,168,1,3;;;11,238765;11,263177;0,024412;;0,023477;0,000935;-0,022542
2257;11,263177;;23,44,53,144;192,168,1,3;;;11,263177;11,264112;0,000935;;-0,003618;0,004553;0,008171
2259;11,264112;;23,44,53,144;192,168,1,3;;;11,264112;11,268665;0,004553;;-0,00146;0,006013;0,007473
2260;11,268665;;192,168,1,3;144,195,42,75;;;11,268665;11,274678;0,006013;;-0,074425;0,080438;0,154863
2261;11,274678;;192,168,1,3;104.109.129.114;;;11,274678;11,355116;0,080438;;0,053363;0,027075;-0,026288
2281;11,355116;;192,168,1,3;23,44,53,144;;;11,355116;11,382191;0,027075;;0,027073;2,00E-06;-0,027071
2286;11,382191;;104.109.129.114;192,168,1,3;;;11,382191;11,382193;2,00E-06;;-0,000157;0,000159;0,000316
2287;11,382193;;104.109.129.114;192,168,1,3;;;11,382193;11,382352;0,000159;;-0,007658;0,007817;0,015475
2288;11,382352;;192,168,1,3;104.109.129.114;;;11,382352;11,390169;0,007817;;0,007486;0,000331;-0,007155
2289;11,390169;;144,195,42,75;192,168,1,3;;;11,390169;11,3905;0,000331;;-0,26774;0,268071;0,535811
2290;11,3905;;192,168,1,3;144,195,42,75;;;11,3905;11,658571;0,268071;;-0,213551;0,481622;0,695173
2314;11,658571;;144,195,42,75;192,168,1,3;;;11,658571;12,140193;0,481622;;0,481621;1,00E-06;-0,48162
2384;12,140193;;144,195,42,75;192,168,1,3;;;12,140193;12,140194;1,00E-06;;-0,000138;0,000139;0,000277
2385;12,140194;;144,195,42,75;192,168,1,3;;;12,140194;12,140333;0,000139;;-0,000266;0,000405;0,000671
2386;12,140333;;192,168,1,3;144,195,42,75;;;12,140333;12,140738;0,000405;;-0,251633;0,252038;0,503671
2387;12,140738;;192,168,1,3;144,195,42,75;;;12,140738;12,392776;0,252038;;0,236035;0,016003;-0,220032
2437;12,392776;;144,195,42,75;192,168,1,3;;;12,392776;12,408779;0,016003;;0,013804;0,002199;-0,011605
2438;12,408779;;144,195,42,75;192,168,1,3;;;12,408779;12,410978;0,002199;;-0,265941;0,26814;0,534081
2439;12,410978;;192,168,1,3;144,195,42,75;;;12,410978;12,679118;0,26814;;0,268139;1,00E-06;-0,268138
2480;12,679118;;140,82,114,25;192,168,1,3;;;12,679118;12,679119;1,00E-06;;-0,000386;0,000387;0,000773
2481;12,679119;;144,195,42,75;192,168,1,3;;;12,679119;12,679506;0,000387;;-0,242833;0,24322;0,486053
2482;12,679506;;192,168,1,3;140,82,114,25;;;12,679506;12,922726;0,24322;;0,023916;0,219304;0,195388
2531;12,922726;;140,82,114,25;192,168,1,3;;;12,922726;13,14203;0,219304;;0,21898;0,000324;-0,218656
2563;13,14203;;144,195,42,75;192,168,1,3;;;13,14203;13,142354;0,000324;;-0,252856;0,25318;0,506036
2564;13,142354;;192,168,1,3;144,195,42,75;;;13,142354;13,395534;0,25318;;0,242462;0,010718;-0,231744
2605;13,395534;;144,195,42,75;192,168,1,3;;;13,395534;13,406252;0,010718;;0,007066;0,003652;-0,003414
2606;13,406252;;192,168,1,3;144,195,42,75;;;13,406252;13,409904;0,003652;;-0,120808;0,12446;0,245268
2608;13,409904;;144,195,42,75;192,168,1,3;;;13,409904;13,534364;0,12446;;0,019533;0,104927;0,085394
2630;13,534364;;192,168,1,3;144,195,42,75;;;13,534364;13,639291;0,104927;;0,10303;0,001897;-0,101133
2647;13,639291;;144,195,42,75;192,168,1,3;;;13,639291;13,641188;0,001897;;-0,031119;0,033016;0,064135
2648;13,641188;;192,168,1,3;144,195,42,75;;;13,641188;13,674204;0,033016;;-0,072919;0,105935;0,178854
2654;13,674204;;144,195,42,75;192,168,1,3;;;13,674204;13,780139;0,105935;;0,105592;0,000343;-0,105249
2666;13,780139;;144,195,42,75;192,168,1,3;;;13,780139;13,780482;0,000343;;-0,021612;0,021955;0,043567
2667;13,780482;;192,168,1,3;144,195,42,75;;;13,780482;13,802437;0,021955;;0,021954;1,00E-06;-0,021953
2671;13,802437;;144,195,42,75;192,168,1,3;;;13,802437;13,802438;1,00E-06;;-0,065896;0,065897;0,131793
2672;13,802438;;144,195,42,75;192,168,1,3;;;13,802438;13,868335;0,065897;;-0,014631;0,080528;0,095159
2684;13,868335;;192,168,1,3;144,195,42,75;;;13,868335;13,948863;0,080528;;-0,018884;0,099412;0,118296
2693;13,948863;;144,195,42,75;192,168,1,3;;;13,948863;14,048275;0,099412;;-0,073197;0,172609;0,245806
2704;14,048275;;144,195,42,75;192,168,1,3;;;14,048275;14,220884;0,172609;;0,172408;0,000201;-0,172207
2717;14,220884;;192,168,1,3;144,195,42,75;;;14,220884;14,221085;0,000201;;-0,25482;0,255021;0,509841
2718;14,221085;;192,168,1,3;144,195,42,75;;;14,221085;14,476106;0,255021;;0,242105;0,012916;-0,229189
2744;14,476106;;192,168,1,3;144,195,42,75;;;14,476106;14,489022;0,012916;;0,012915;1,00E-06;-0,012914
2749;14,489022;;144,195,42,75;192,168,1,3;;;14,489022;14,489023;1,00E-06;;-0,00018;0,000181;0,000361
2750;14,489023;;144,195,42,75;192,168,1,3;;;14,489023;14,489204;0,000181;;-0,177946;0,178127;0,356073
2751;14,489204;;144,195,42,75;192,168,1,3;;;14,489204;14,667331;0,178127;;0,101532;0,076595;-0,024937
2769;14,667331;;192,168,1,3;144,195,42,75;;;14,667331;14,743926;0,076595;;0,076234;0,000361;-0,075873
2782;14,743926;;144,195,42,75;192,168,1,3;;;14,743926;14,744287;0,000361;;-0,150615;0,150976;0,301591
2783;14,744287;;192,168,1,3;144,195,42,75;;;14,744287;14,895263;0,150976;;0,150975;1,00E-06;-0,150974
2810;14,895263;;144,195,42,75;192,168,1,3;;;14,895263;14,895264;1,00E-06;;1,00E-06;0;-1,00E-06
2811;14,895264;;144,195,42,75;192,168,1,3;;;14,895264;14,895264;0;;-0,000144;0,000144;0,000288
2812;14,895264;;144,195,42,75;192,168,1,3;;;14,895264;14,895408;0,000144;;-0,010818;0,010962;0,02178
2813;14,895408;;192,168,1,3;144,195,42,75;;;14,895408;14,90637;0,010962;;-0,134612;0,145574;0,280186
2814;14,90637;;192,168,1,3;144,195,42,75;;;14,90637;15,051944;0,145574;;0,023662;0,121912;0,09825
2839;15,051944;;144,195,42,75;192,168,1,3;;;15,051944;15,173856;0,121912;;-1,98554;2,107452;4,092992
2857;15,173856;;144,195,42,75;192,168,1,3;;;15,173856;17,281308;2,107452;;1,860467;0,246985;-1,613482
3145;17,281308;;192,168,1,3;144,195,42,75;;;17,281308;17,528293;0,246985;;0,246646;0,000339;-0,246307
3180;17,528293;;144,195,42,75;192,168,1,3;;;17,528293;17,528632;0,000339;;-0,02037;0,020709;0,041079
3181;17,528632;;192,168,1,3;144,195,42,75;;;17,528632;17,549341;0,020709;;0,020709;0;-0,020709
3183;17,549341;;144,195,42,75;192,168,1,3;;;17,549341;17,549341;0;;-0,219073;0,219073;0,438146
3184;17,549341;;144,195,42,75;192,168,1,3;;;17,549341;17,768414;0,219073;;0,15179;0,067283;-0,084507
3209;17,768414;;192,168,1,3;144,195,42,75;;;17,768414;17,835697;0,067283;;0,006597;0,060686;0,054089
3223;17,835697;;144,195,42,75;192,168,1,3;;;17,835697;17,896383;0,060686;;0,048421;0,012265;-0,036156
3232;17,896383;;144,195,42,75;192,168,1,3;;;17,896383;17,908648;0,012265;;-0,25597;0,268235;0,524205
3233;17,908648;;192,168,1,3;144,195,42,75;;;17,908648;18,176883;0,268235;;-0,197853;0,466088;0,663941
3263;18,176883;;144,195,42,75;192,168,1,3;;;18,176883;18,642971;0,466088;;0,464348;0,00174;-0,462608
3319;18,642971;;144,195,42,75;192,168,1,3;;;18,642971;18,644711;0,00174;;-0,224308;0,226048;0,450356
3320;18,644711;;192,168,1,3;144,195,42,75;;;18,644711;18,870759;0,226048;;0,225915;0,000133;-0,225782
3353;18,870759;;144,195,42,75;192,168,1,3;;;18,870759;18,870892;0,000133;;-0,01418;0,014313;0,028493
3354;18,870892;;192,168,1,3;144,195,42,75;;;18,870892;18,885205;0,014313;;0,003379;0,010934;0,007555
3355;18,885205;;192,168,1,3;144,195,42,75;;;18,885205;18,896139;0,010934;;-0,009055;0,019989;0,029044
3358;18,896139;;144,195,42,75;192,168,1,3;;;18,896139;18,916128;0,019989;;-0,008635;0,028624;0,037259
3361;18,916128;;144,195,42,75;192,168,1,3;;;18,916128;18,944752;0,028624;;-0,165651;0,194275;0,359926
3363;18,944752;;192,168,1,3;144,195,42,75;;;18,944752;19,139027;0,194275;;0,194274;1,00E-06;-0,194273
3399;19,139027;;144,195,42,75;192,168,1,3;;;19,139027;19,139028;1,00E-06;;-0,000143;0,000144;0,000287
3400;19,139028;;144,195,42,75;192,168,1,3;;;19,139028;19,139172;0,000144;;-0,00025;0,000394;0,000644
3401;19,139172;;192,168,1,3;144,195,42,75;;;19,139172;19,139566;0,000394;;-0,014101;0,014495;0,028596
3402;19,139566;;192,168,1,3;144,195,42,75;;;19,139566;19,154061;0,014495;;-0,043589;0,058084;0,101673
3407;19,154061;;144,195,42,75;192,168,1,3;;;19,154061;19,212145;0,058084;;-0,136366;0,19445;0,330816
3417;19,212145;;144,195,42,75;192,168,1,3;;;19,212145;19,406595;0,19445;;-0,287772;0,482222;0,769994
3454;19,406595;;144,195,42,75;192,168,1,3;;;19,406595;19,888817;0,482222;;0,481629;0,000593;-0,481036
3531;19,888817;;144,195,42,75;192,168,1,3;;;19,888817;19,88941;0,000593;;-0,251838;0,252431;0,504269
3532;19,88941;;192,168,1,3;144,195,42,75;;;19,88941;20,141841;0,252431;;0,252102;0,000329;-0,251773
3571;20,141841;;144,195,42,75;192,168,1,3;;;20,141841;20,14217;0,000329;;-0,015448;0,015777;0,031225
3572;20,14217;;192,168,1,3;144,195,42,75;;;20,14217;20,157947;0,015777;;-0,235887;0,251664;0,487551
3574;20,157947;;144,195,42,75;192,168,1,3;;;20,157947;20,409611;0,251664;;0,189814;0,06185;-0,127964
3602;20,409611;;144,195,42,75;192,168,1,3;;;20,409611;20,471461;0,06185;;-0,198119;0,259969;0,458088
3607;20,471461;;192,168,1,3;170,114,15,137;;;20,471461;20,73143;0,259969;;0,259013;0,000956;-0,258057
3632;20,73143;;170,114,15,137;192,168,1,3;;;20,73143;20,732386;0,000956;;-0,134245;0,135201;0,269446
3633;20,732386;;170,114,15,137;192,168,1,3;;;20,732386;20,867587;0,135201;;0,111767;0,023434;-0,088333
3652;20,867587;;192,168,1,3;170,114,15,137;;;20,867587;20,891021;0,023434;;0,022969;0,000465;-0,022504
3656;20,891021;;144,195,42,75;192,168,1,3;;;20,891021;20,891486;0,000465;;-0,145426;0,145891;0,291317
3657;20,891486;;192,168,1,3;144,195,42,75;;;20,891486;21,037377;0,145891;;0,039089;0,106802;0,067713
3678;21,037377;;192,168,1,3;144,195,42,75;;;21,037377;21,144179;0,106802;;0,101691;0,005111;-0,09658
3694;21,144179;;144,195,42,75;192,168,1,3;;;21,144179;21,14929;0,005111;;-0,00475;0,009861;0,014611
3696;21,14929;;192,168,1,3;144,195,42,75;;;21,14929;21,159151;0,009861;;-0,116813;0,126674;0,243487
3698;21,159151;;144,195,42,75;192,168,1,3;;;21,159151;21,285825;0,126674;;0,126026;0,000648;-0,125378
3716;21,285825;;144,195,42,75;192,168,1,3;;;21,285825;21,286473;0,000648;;-0,017514;0,018162;0,035676
3717;21,286473;;192,168,1,3;144,195,42,75;;;21,286473;21,304635;0,018162;;0,018161;1,00E-06;-0,01816
3722;21,304635;;144,195,42,75;192,168,1,3;;;21,304635;21,304636;1,00E-06;;-0,062947;0,062948;0,125895
3723;21,304636;;144,195,42,75;192,168,1,3;;;21,304636;21,367584;0,062948;;-0,025804;0,088752;0,114556
3731;21,367584;;192,168,1,3;144,195,42,75;;;21,367584;21,456336;0,088752;;-0,009498;0,09825;0,107748
3737;21,456336;;144,195,42,75;192,168,1,3;;;21,456336;21,554586;0,09825;;;;
3750;21,554586;;144,195,42,75;192,168,1,3;;;;;;;;;
;;;;;;;;Total Delay ;21,397903;;;Total Jitter;21,484055
;;;;;;;;Rata-rata Delay;0,005701546;;;Rata-rata Jitter;0,005724502
